<?xml version="1.0" encoding="UTF-8"?>
<beans xmlns="http://www.springframework.org/schema/beans"
	xmlns:xsi="http://www.w3.org/2001/XMLSchema-instance"
	xsi:schemaLocation="http://www.springframework.org/schema/beans https://www.springframework.org/schema/beans/spring-beans.xsd">
	
	<!-- Root Context: defines shared resources visible to all other web components -->
		
		
		
		
		
		<bean id="dataSource" class="org.springframework.jdbc.datasource.DriverManagerDataSource">
        <property name="driverClassName" value="com.mysql.cj.jdbc.Driver" />
        <!-- 
        <property name="url" 
        value="jdbc:mysql://localhost:3306/testdb?characterEncoding=UTF-8&amp;useSSL=false&amp;allowPublicKeyRetrieval=true&amp;serverTimezone=UTC"/>
        <property name="username" value="root"/>
        <property name="password" value="root" />  
         -->
       
        <property name="url" 
        value="jdbc:mysql://csworktools.cafe24.com:3306/csworktools?characterEncoding=UTF-8&amp;useSSL=false&amp;allowPublicKeyRetrieval=true&amp;serverTimezone=UTC&amp;useSSL=false&amp;allowPublicKeyRetrieval=true&amp;"/>
        <property name="username" value="csworktools"/>
	   	<property name="password" value="cs12365478!@" /> 
      
          
    </bean>
    
    <bean id="sqlSessionFactory" class="org.mybatis.spring.SqlSessionFactoryBean">
        <property name="dataSource" ref="dataSource"/>
        <property name="configLocation" value="classpath:config/mybatis-config.xml"/>
        <property name="mapperLocations" value="classpath:mapper/**/*Mapper.xml" />
    </bean>
    
    <bean id="sqlSession" class="org.mybatis.spring.SqlSessionTemplate" destroy-method="clearCache">
        <constructor-arg name="sqlSessionFactory" ref="sqlSessionFactory"/>
    </bean>
		
		
		
		
		
		
		
		
		
		
		
		
		
		
</beans>